battery_id,algorithm,charging_time
1,CCCV,40.090323104076326
2,CCCV,39.72347139765763
3,CCCV,41.29537707620138
4,CCCV,43.04605971281605
5,CCCV,39.53169325055333
6,CCCV,39.477737187149906
7,CCCV,43.15842563101478
8,CCCV,41.53486945830582
9,CCCV,39.0610512281301
10,CCCV,41.08512008717193
11,CCCV,39.073164614375074
12,CCCV,39.06854049285948
13,CCCV,40.48392454313207
14,CCCV,36.1734395106844
15,CCCV,36.550164334973935
16,CCCV,38.875424941518055
17,CCCV,37.97433775933115
18,CCCV,40.628494665190544
19,CCCV,38.18395184895758
20,CCCV,37.17539259732942
21,CCCV,42.93129753784311
1,ALGO1,34.4845781420882
2,ALGO1,38.24508982420638
3,ALGO1,34.158312700057955
4,ALGO1,37.01772719000951
5,ALGO1,32.68065975224045
6,ALGO1,33.94362790220314
7,ALGO1,36.99372247173825
8,ALGO1,38.07693315999082
9,ALGO1,36.94273656237994
10,ALGO1,36.36870343522352
11,ALGO1,35.99779260882142
12,ALGO1,33.64295601926515
13,ALGO1,30.664718245050437
14,ALGO1,35.67872245808043
15,ALGO1,38.71424445243783
16,ALGO1,43.16300172086649
17,ALGO1,33.07391968927453
18,ALGO1,37.24816793878959
19,ALGO1,35.82983543916737
20,ALGO1,35.24615599938809
21,ALGO1,37.82335257768174
1,ALGO2,38.90001079101436
2,ALGO2,40.45303293715073
3,ALGO2,37.91577015400003
4,ALGO2,33.63142524326824
5,ALGO2,38.83817155619833
6,ALGO2,36.83776209168263
7,ALGO2,37.935589506526306
8,ALGO2,38.47224470133852
9,ALGO2,35.44059623868024
10,ALGO2,35.31220727931215
11,ALGO2,36.69893228348043
12,ALGO2,35.06888465621005
13,ALGO2,37.30097815622119
14,ALGO2,36.77315749730721
15,ALGO2,45.561988749124815
16,ALGO2,34.94981822237827
17,ALGO2,35.435904347400324
18,ALGO2,37.84788613958187
19,ALGO2,38.74541019598104
20,ALGO2,41.574451965914584
21,ALGO2,40.245840998682745
1,ALGO3,41.322110544359774
2,ALGO3,40.81022691328492
3,ALGO3,40.3308257332497
4,ALGO3,37.96925851589917
5,ALGO3,39.95870935446928
6,ALGO3,40.11457096694646
7,ALGO3,39.19544546155676
8,ALGO3,40.477428576667975
9,ALGO3,41.608101713629075
10,ALGO3,44.60894918538161
11,ALGO3,41.149155625663674
12,ALGO3,41.31510078144552
13,ALGO3,39.188950981137495
14,ALGO3,36.96245756940191
15,ALGO3,40.74697224910156
16,ALGO3,40.92046041988205
17,ALGO3,45.72648422497057
18,ALGO3,40.41527807043775
19,ALGO3,41.403094684667224
20,ALGO3,40.73057646058951
21,ALGO3,38.46264392476093
1,ALGO4,43.00645665317865
2,ALGO4,34.394252926649386
3,ALGO4,37.91267206476413
4,ALGO4,35.01061813747745
5,ALGO4,38.08109643192348
6,ALGO4,36.518125246273875
7,ALGO4,36.06347120204678
8,ALGO4,35.068975252342305
9,ALGO4,36.126509948463614
10,ALGO4,37.952243597067934
11,ALGO4,38.92772122183732
12,ALGO4,37.892896322669394
13,ALGO4,39.56777304883421
14,ALGO4,41.918325432538666
15,ALGO4,36.1715903057381
16,ALGO4,36.428266565809
17,ALGO4,33.95991710463241
18,ALGO4,39.22145451222728
19,ALGO4,39.43879362852898
20,ALGO4,35.105707687900896
21,ALGO4,38.07528169102229
1,ALGO5,38.03335338746819
2,ALGO5,40.983145459210924
3,ALGO5,36.5750052913411
4,ALGO5,40.53445899795288
5,ALGO5,40.7168276724266
6,ALGO5,39.63623704391117
7,ALGO5,35.02694390842872
8,ALGO5,43.34669031603496
9,ALGO5,39.09394930091443
10,ALGO5,39.87921840316733
11,ALGO5,35.80340872525613
12,ALGO5,38.77711310506054
13,ALGO5,39.62670817524729
14,ALGO5,38.51820289106529
15,ALGO5,40.544323718706906
16,ALGO5,39.590841366614406
17,ALGO5,36.11295247186513
18,ALGO5,40.50024116424771
19,ALGO5,39.588679902929655
20,ALGO5,38.79060801065288
21,ALGO5,35.658376032944766
1,ALGO6,38.81114233669263
2,ALGO6,36.035716574789234
3,ALGO6,34.867906761577046
4,ALGO6,35.694069364728755
5,ALGO6,41.627874435977475
6,ALGO6,36.904957743102194
7,ALGO6,37.98014987720202
8,ALGO6,40.245874944606456
9,ALGO6,37.18190744589027
10,ALGO6,35.10212621721928
11,ALGO6,38.834847017724755
12,ALGO6,36.82272171895927
13,ALGO6,38.464894315320905
14,ALGO6,38.852397088195474
15,ALGO6,34.80198380714644
16,ALGO6,39.484009208343885
17,ALGO6,38.53024391991312
18,ALGO6,35.51219125503094
19,ALGO6,37.328898239741704
20,ALGO6,37.234414981960214
21,ALGO6,39.512904390429725
1,ALGO7,35.17456825762069
2,ALGO7,37.45613626842113
3,ALGO7,40.57790119393473
4,ALGO7,38.528560038190925
5,ALGO7,36.24451044414138
6,ALGO7,36.969392581480065
7,ALGO7,39.75919549786935
8,ALGO7,36.93926673656573
9,ALGO7,38.83291717916395
10,ALGO7,33.75685100802948
11,ALGO7,37.09679930478836
12,ALGO7,42.68788817865065
13,ALGO7,39.66783804463602
14,ALGO7,34.34971482668478
15,ALGO7,38.772908629538854
16,ALGO7,37.076427070463225
17,ALGO7,41.0207483985142
18,ALGO7,36.8149585231346
19,ALGO7,38.1705271170662
20,ALGO7,39.409974557960915
21,ALGO7,40.13151038834024
1,ALGO8,36.08122741364361
2,ALGO8,35.12945812695616
3,ALGO8,38.15818476371998
4,ALGO8,37.959793267422015
5,ALGO8,35.79750373235299
6,ALGO8,32.57241199192988
7,ALGO8,35.919905070744974
8,ALGO8,37.038408221913635
9,ALGO8,31.81070381779596
10,ALGO8,38.27187056358331
11,ALGO8,40.627085258859985
12,ALGO8,37.58774967450162
13,ALGO8,37.89553673551526
14,ALGO8,37.056363462758306
15,ALGO8,39.10487156478449
16,ALGO8,37.82280002192066
17,ALGO8,38.25821135392865
18,ALGO8,40.37791365804033
19,ALGO8,41.75893787091576
20,ALGO8,36.21807547566453
21,ALGO8,37.65257869600384
1,ALGO9,37.55069734469786
2,ALGO9,43.10256017147151
3,ALGO9,39.11982972525399
4,ALGO9,40.258871023307606
5,ALGO9,25.375834418690715
6,ALGO9,39.01984273363959
7,ALGO9,38.18823989353142
8,ALGO9,39.30148791771054
9,ALGO9,40.189199783763435
10,ALGO9,42.55661101964579
11,ALGO9,35.45106225028098
12,ALGO9,42.421640618785005
13,ALGO9,40.25592085405295
14,ALGO9,38.46447443469395
15,ALGO9,32.73530172804138
16,ALGO9,41.287351290737504
17,ALGO9,39.65795707637708
18,ALGO9,36.13186976260215
19,ALGO9,39.92613920667462
20,ALGO9,41.48874307094937
21,ALGO9,40.91572931757693
1,ALGO10,39.12708356338304
2,ALGO10,41.16641037622777
3,ALGO10,36.19482226353871
4,ALGO10,37.378629083243915
5,ALGO10,37.52903663274911
6,ALGO10,40.23058649933644
7,ALGO10,38.65796858855431
8,ALGO10,37.872128466451755
9,ALGO10,36.991144313887936
10,ALGO10,37.00046584297819
11,ALGO10,38.27898861489602
12,ALGO10,36.11302494761048
13,ALGO10,38.65240393225876
14,ALGO10,36.41259364137199
15,ALGO10,36.96870111499814
16,ALGO10,34.52774504402186
17,ALGO10,37.77101380256277
18,ALGO10,33.95648668792856
19,ALGO10,37.459765623074254
20,ALGO10,36.070509493474944
21,ALGO10,33.393429505576485
